row_id,document,token,label
0,7,6,B-NAME_STUDENT
1,7,7,I-NAME_STUDENT
2,7,9,B-NAME_STUDENT
3,7,10,I-NAME_STUDENT
4,7,18,B-NAME_STUDENT
5,7,26,B-ID_NUM
6,7,41,B-ID_NUM
7,7,52,B-NAME_STUDENT
8,7,53,I-NAME_STUDENT
9,7,55,B-NAME_STUDENT
10,7,56,I-NAME_STUDENT
11,7,58,B-NAME_STUDENT
12,7,66,B-NAME_STUDENT
13,7,68,B-NAME_STUDENT
14,7,97,B-ID_NUM
15,7,107,B-NAME_STUDENT
16,7,119,B-NAME_STUDENT
17,7,128,B-ID_NUM
18,7,140,B-NAME_STUDENT
19,7,146,B-NAME_STUDENT
20,7,147,B-ID_NUM
21,7,156,B-NAME_STUDENT
22,7,159,B-ID_NUM
23,7,181,B-NAME_STUDENT
24,7,189,B-ID_NUM
25,7,195,B-NAME_STUDENT
26,7,204,B-NAME_STUDENT
27,7,206,B-ID_NUM
28,7,218,B-NAME_STUDENT
29,7,223,B-NAME_STUDENT
30,7,231,B-NAME_STUDENT
31,7,232,B-ID_NUM
32,7,253,B-ID_NUM
33,7,257,B-ID_NUM
34,7,263,B-ID_NUM
35,7,268,B-ID_NUM
36,7,276,B-ID_NUM
37,7,281,B-ID_NUM
38,7,284,B-ID_NUM
39,7,297,B-ID_NUM
40,7,308,B-NAME_STUDENT
41,7,324,B-NAME_STUDENT
42,7,343,B-ID_NUM
43,7,351,B-ID_NUM
44,7,356,B-NAME_STUDENT
45,7,372,B-NAME_STUDENT
46,7,382,B-NAME_STUDENT
47,7,421,B-ID_NUM
48,7,441,B-ID_NUM
49,7,463,B-NAME_STUDENT
50,7,465,B-ID_NUM
51,7,467,B-ID_NUM
52,7,479,B-NAME_STUDENT
53,7,480,I-NAME_STUDENT
54,7,482,B-NAME_STUDENT
55,7,483,I-NAME_STUDENT
56,7,493,B-NAME_STUDENT
57,7,510,B-ID_NUM
58,7,517,B-ID_NUM
59,7,522,B-ID_NUM
60,7,523,I-ID_NUM
61,7,525,B-ID_NUM
62,7,532,B-NAME_STUDENT
63,7,550,B-ID_NUM
64,7,565,B-ID_NUM
65,7,582,B-ID_NUM
66,7,588,B-NAME_STUDENT
67,7,594,B-NAME_STUDENT
68,7,609,B-ID_NUM
69,7,624,B-ID_NUM
70,7,640,B-ID_NUM
71,7,648,B-NAME_STUDENT
72,7,664,B-NAME_STUDENT
73,7,716,B-NAME_STUDENT
74,7,738,B-NAME_STUDENT
75,7,739,I-NAME_STUDENT
76,7,741,B-NAME_STUDENT
77,7,742,I-NAME_STUDENT
78,7,744,B-NAME_STUDENT
79,7,745,B-ID_NUM
80,7,747,B-NAME_STUDENT
81,10,0,B-NAME_STUDENT
82,10,1,I-NAME_STUDENT
83,10,12,B-NAME_STUDENT
84,10,26,B-ID_NUM
85,10,31,B-ID_NUM
86,10,62,B-ID_NUM
87,10,87,B-ID_NUM
88,10,95,B-ID_NUM
89,10,139,B-ID_NUM
90,10,143,B-NAME_STUDENT
91,10,173,B-ID_NUM
92,10,174,I-ID_NUM
93,10,197,B-ID_NUM
94,10,200,B-ID_NUM
95,10,219,B-ID_NUM
96,10,251,B-ID_NUM
97,10,262,B-NAME_STUDENT
98,10,275,B-ID_NUM
99,10,286,B-ID_NUM
100,10,299,B-NAME_STUDENT
101,10,305,B-ID_NUM
102,10,306,I-ID_NUM
103,10,312,B-ID_NUM
104,10,314,B-ID_NUM
105,10,324,B-NAME_STUDENT
106,10,351,B-NAME_STUDENT
107,10,373,B-ID_NUM
108,10,374,I-ID_NUM
109,10,376,B-NAME_STUDENT
110,10,377,B-ID_NUM
111,10,384,B-ID_NUM
112,10,394,B-ID_NUM
113,10,428,B-NAME_STUDENT
114,10,437,B-ID_NUM
115,10,439,B-ID_NUM
116,10,456,B-ID_NUM
117,10,464,B-NAME_STUDENT
118,10,465,I-NAME_STUDENT
119,10,499,B-NAME_STUDENT
120,10,508,B-ID_NUM
121,10,513,B-ID_NUM
122,10,523,B-ID_NUM
123,10,538,B-ID_NUM
124,10,546,B-ID_NUM
125,16,0,B-NAME_STUDENT
126,16,4,B-NAME_STUDENT
127,16,5,I-NAME_STUDENT
128,16,9,B-NAME_STUDENT
129,16,16,B-NAME_STUDENT
130,16,17,I-NAME_STUDENT
131,16,27,B-NAME_STUDENT
132,16,30,B-ID_NUM
133,16,45,B-ID_NUM
134,16,53,B-ID_NUM
135,16,55,B-NAME_STUDENT
136,16,64,B-NAME_STUDENT
137,16,70,B-NAME_STUDENT
138,16,78,B-NAME_STUDENT
139,16,79,I-NAME_STUDENT
140,16,87,B-NAME_STUDENT
141,16,107,B-NAME_STUDENT
142,16,112,B-ID_NUM
143,16,116,B-ID_NUM
144,16,121,B-ID_NUM
145,16,122,I-ID_NUM
146,16,125,B-ID_NUM
147,16,128,B-ID_NUM
148,16,132,B-ID_NUM
149,16,142,B-ID_NUM
150,16,153,B-ID_NUM
151,16,156,B-ID_NUM
152,16,161,B-ID_NUM
153,16,163,B-ID_NUM
154,16,169,B-NAME_STUDENT
155,16,173,B-ID_NUM
156,16,175,B-NAME_STUDENT
157,16,178,B-ID_NUM
158,16,182,B-ID_NUM
159,16,187,B-NAME_STUDENT
160,16,188,B-ID_NUM
161,16,209,B-ID_NUM
162,16,220,B-ID_NUM
163,16,230,B-NAME_STUDENT
164,16,246,B-NAME_STUDENT
165,16,257,B-ID_NUM
166,16,261,B-ID_NUM
167,16,262,I-ID_NUM
168,16,263,I-ID_NUM
169,16,266,B-ID_NUM
170,16,279,B-ID_NUM
171,16,283,B-ID_NUM
172,16,288,B-ID_NUM
173,16,292,B-ID_NUM
174,16,295,B-ID_NUM
175,16,296,B-NAME_STUDENT
176,16,298,B-NAME_STUDENT
177,16,305,B-ID_NUM
178,16,319,B-ID_NUM
179,16,333,B-ID_NUM
180,16,357,B-ID_NUM
181,16,361,B-ID_NUM
182,16,371,B-ID_NUM
183,16,372,I-ID_NUM
184,16,375,B-ID_NUM
185,16,376,I-ID_NUM
186,16,387,B-ID_NUM
187,16,393,B-ID_NUM
188,16,396,B-ID_NUM
189,16,405,B-ID_NUM
190,16,434,B-ID_NUM
191,16,450,B-ID_NUM
192,16,464,B-ID_NUM
193,16,489,B-NAME_STUDENT
194,16,491,B-ID_NUM
195,16,494,B-NAME_STUDENT
196,16,511,B-ID_NUM
197,16,522,B-ID_NUM
198,16,532,B-ID_NUM
199,16,535,B-ID_NUM
200,16,550,B-ID_NUM
201,16,557,B-ID_NUM
202,16,590,B-ID_NUM
203,16,612,B-ID_NUM
204,16,642,B-ID_NUM
205,16,664,B-ID_NUM
206,16,682,B-ID_NUM
207,16,683,I-ID_NUM
208,16,693,B-ID_NUM
209,16,696,B-ID_NUM
210,16,700,B-ID_NUM
211,16,701,I-ID_NUM
212,16,702,I-ID_NUM
213,16,705,B-ID_NUM
214,16,711,B-ID_NUM
215,16,714,B-ID_NUM
216,16,715,B-NAME_STUDENT
217,16,721,B-NAME_STUDENT
218,20,3,B-NAME_STUDENT
219,20,5,B-NAME_STUDENT
220,20,6,I-NAME_STUDENT
221,20,8,B-NAME_STUDENT
222,20,11,B-NAME_STUDENT
223,20,14,B-NAME_STUDENT
224,20,18,B-NAME_STUDENT
225,20,33,B-ID_NUM
226,20,58,B-ID_NUM
227,20,59,I-ID_NUM
228,20,60,I-ID_NUM
229,20,70,B-ID_NUM
230,20,73,B-ID_NUM
231,20,78,B-ID_NUM
232,20,85,B-ID_NUM
233,20,98,B-ID_NUM
234,20,100,B-ID_NUM
235,20,135,B-NAME_STUDENT
236,20,143,B-ID_NUM
237,20,147,B-ID_NUM
238,20,173,B-ID_NUM
239,20,187,B-ID_NUM
240,20,191,B-ID_NUM
241,20,193,B-ID_NUM
242,20,202,B-ID_NUM
243,20,221,B-NAME_STUDENT
244,20,230,B-ID_NUM
245,20,232,B-ID_NUM
246,20,237,B-NAME_STUDENT
247,20,243,B-ID_NUM
248,20,247,B-ID_NUM
249,20,249,B-ID_NUM
250,20,252,B-NAME_STUDENT
251,20,254,B-NAME_STUDENT
252,20,255,B-ID_NUM
253,20,263,B-ID_NUM
254,20,295,B-ID_NUM
255,20,301,B-ID_NUM
256,20,315,B-NAME_STUDENT
257,20,322,B-ID_NUM
258,20,327,B-ID_NUM
259,20,328,B-NAME_STUDENT
260,20,330,B-NAME_STUDENT
261,20,336,B-NAME_STUDENT
262,20,341,B-ID_NUM
263,20,357,B-NAME_STUDENT
264,20,390,B-NAME_STUDENT
265,20,401,B-ID_NUM
266,20,405,B-ID_NUM
267,20,407,B-NAME_STUDENT
268,20,431,B-ID_NUM
269,20,432,B-NAME_STUDENT
270,20,444,B-ID_NUM
271,20,448,B-ID_NUM
272,20,449,I-ID_NUM
273,20,450,I-ID_NUM
274,20,457,B-NAME_STUDENT
275,20,466,B-NAME_STUDENT
276,20,475,B-ID_NUM
277,20,501,B-NAME_STUDENT
278,20,509,B-ID_NUM
279,20,513,B-NAME_STUDENT
280,20,517,B-ID_NUM
281,20,520,B-ID_NUM
282,20,525,B-NAME_STUDENT
283,20,528,B-NAME_STUDENT
284,20,537,B-ID_NUM
285,20,539,B-ID_NUM
286,20,554,B-ID_NUM
287,20,562,B-ID_NUM
288,20,593,B-NAME_STUDENT
289,20,596,B-ID_NUM
290,20,599,B-ID_NUM
291,20,615,B-NAME_STUDENT
292,20,621,B-ID_NUM
293,20,630,B-ID_NUM
294,20,645,B-ID_NUM
295,20,656,B-ID_NUM
296,20,670,B-ID_NUM
297,20,677,B-ID_NUM
298,20,680,B-ID_NUM
299,20,690,B-ID_NUM
300,20,698,B-ID_NUM
301,20,706,B-ID_NUM
302,20,708,B-ID_NUM
303,20,719,B-NAME_STUDENT
304,20,725,B-ID_NUM
305,20,726,I-ID_NUM
306,20,751,B-NAME_STUDENT
307,20,755,B-ID_NUM
308,20,757,B-NAME_STUDENT
309,20,764,B-ID_NUM
310,20,782,B-ID_NUM
311,20,788,B-ID_NUM
312,20,790,B-ID_NUM
313,20,829,B-ID_NUM
314,20,848,B-NAME_STUDENT
315,20,863,B-ID_NUM
316,20,872,B-ID_NUM
317,20,893,B-ID_NUM
318,20,928,B-ID_NUM
319,20,940,B-ID_NUM
320,20,963,B-NAME_STUDENT
321,20,988,B-NAME_STUDENT
322,20,1001,B-NAME_STUDENT
323,20,1009,B-ID_NUM
324,20,1011,B-NAME_STUDENT
325,20,1018,B-ID_NUM
326,20,1026,B-ID_NUM
327,20,1032,B-ID_NUM
328,20,1051,B-NAME_STUDENT
329,20,1060,B-NAME_STUDENT
330,56,12,B-NAME_STUDENT
331,56,13,I-NAME_STUDENT
332,56,24,B-NAME_STUDENT
333,56,26,B-NAME_STUDENT
334,56,37,B-NAME_STUDENT
335,56,43,B-NAME_STUDENT
336,56,47,B-ID_NUM
337,56,59,B-ID_NUM
338,56,66,B-NAME_STUDENT
339,56,68,B-ID_NUM
340,56,76,B-ID_NUM
341,56,78,B-ID_NUM
342,56,84,B-ID_NUM
343,56,96,B-ID_NUM
344,56,102,B-NAME_STUDENT
345,56,105,B-NAME_STUDENT
346,56,108,B-NAME_STUDENT
347,56,141,B-ID_NUM
348,56,211,B-ID_NUM
349,56,236,B-ID_NUM
350,56,247,B-ID_NUM
351,56,274,B-ID_NUM
352,56,295,B-ID_NUM
353,56,309,B-ID_NUM
354,56,319,B-ID_NUM
355,56,324,B-ID_NUM
356,56,330,B-ID_NUM
357,56,338,B-ID_NUM
358,56,342,B-ID_NUM
359,56,364,B-ID_NUM
360,56,383,B-NAME_STUDENT
361,56,387,B-ID_NUM
362,56,397,B-ID_NUM
363,56,409,B-ID_NUM
364,56,417,B-ID_NUM
365,56,427,B-ID_NUM
366,56,437,B-ID_NUM
367,56,456,B-NAME_STUDENT
368,56,478,B-ID_NUM
369,56,504,B-NAME_STUDENT
370,56,511,B-ID_NUM
371,56,524,B-NAME_STUDENT
372,56,534,B-ID_NUM
373,56,554,B-ID_NUM
374,56,567,B-ID_NUM
375,56,574,B-ID_NUM
376,56,590,B-ID_NUM
377,56,617,B-ID_NUM
378,56,639,B-ID_NUM
379,56,645,B-ID_NUM
380,56,656,B-ID_NUM
381,56,658,B-ID_NUM
382,56,666,B-ID_NUM
383,56,674,B-ID_NUM
384,56,677,B-NAME_STUDENT
385,56,692,B-ID_NUM
386,56,696,B-ID_NUM
387,56,703,B-ID_NUM
388,56,728,B-ID_NUM
389,56,750,B-ID_NUM
390,56,782,B-ID_NUM
391,56,784,B-ID_NUM
392,56,788,B-ID_NUM
393,56,815,B-ID_NUM
394,56,827,B-ID_NUM
395,56,832,B-NAME_STUDENT
396,56,853,B-ID_NUM
397,56,895,B-ID_NUM
398,56,913,B-ID_NUM
399,56,925,B-ID_NUM
400,56,935,B-ID_NUM
401,56,952,B-NAME_STUDENT
402,56,958,B-ID_NUM
403,56,1029,B-ID_NUM
404,56,1109,B-ID_NUM
405,56,1145,B-NAME_STUDENT
406,56,1163,B-ID_NUM
407,56,1178,B-ID_NUM
408,56,1184,B-ID_NUM
409,56,1188,B-NAME_STUDENT
410,56,1192,B-NAME_STUDENT
411,56,1194,B-ID_NUM
412,56,1234,B-ID_NUM
413,56,1236,B-ID_NUM
414,56,1244,B-ID_NUM
415,56,1253,B-NAME_STUDENT
416,56,1273,B-ID_NUM
417,56,1291,B-ID_NUM
418,56,1296,B-ID_NUM
419,56,1302,B-ID_NUM
420,56,1304,B-ID_NUM
421,56,1309,B-NAME_STUDENT
422,56,1358,B-ID_NUM
423,56,1372,B-ID_NUM
424,56,1402,B-NAME_STUDENT
425,56,1449,B-ID_NUM
426,56,1531,B-ID_NUM
427,56,1543,B-ID_NUM
428,56,1549,B-ID_NUM
429,56,1568,B-NAME_STUDENT
430,56,1588,B-NAME_STUDENT
431,56,1646,B-ID_NUM
432,56,1674,B-ID_NUM
433,56,1703,B-ID_NUM
434,56,1711,B-NAME_STUDENT
435,56,1719,B-ID_NUM
436,56,1739,B-ID_NUM
437,56,1756,B-NAME_STUDENT
438,56,1768,B-ID_NUM
439,56,1779,B-NAME_STUDENT
440,56,1783,B-ID_NUM
441,56,1788,B-ID_NUM
442,56,1790,B-ID_NUM
443,56,1792,B-ID_NUM
444,56,1826,B-ID_NUM
445,56,1832,B-ID_NUM
446,56,1837,B-NAME_STUDENT
447,56,1839,B-ID_NUM
448,56,1871,B-NAME_STUDENT
449,56,1882,B-NAME_STUDENT
450,86,0,B-NAME_STUDENT
451,86,1,I-NAME_STUDENT
452,86,3,B-NAME_STUDENT
453,86,4,B-ID_NUM
454,86,6,B-NAME_STUDENT
455,86,7,I-NAME_STUDENT
456,86,11,B-NAME_STUDENT
457,86,17,B-NAME_STUDENT
458,86,19,B-NAME_STUDENT
459,86,34,B-NAME_STUDENT
460,86,36,B-NAME_STUDENT
461,86,47,B-NAME_STUDENT
462,86,58,B-NAME_STUDENT
463,86,70,B-NAME_STUDENT
464,86,79,B-NAME_STUDENT
465,86,88,B-ID_NUM
466,86,95,B-NAME_STUDENT
467,86,97,B-NAME_STUDENT
468,86,102,B-NAME_STUDENT
469,86,103,B-ID_NUM
470,86,112,B-ID_NUM
471,86,126,B-NAME_STUDENT
472,86,138,B-ID_NUM
473,86,142,B-ID_NUM
474,86,152,B-ID_NUM
475,86,155,B-ID_NUM
476,86,161,B-ID_NUM
477,86,165,B-NAME_STUDENT
478,86,167,B-ID_NUM
479,86,184,B-ID_NUM
480,86,188,B-ID_NUM
481,86,196,B-ID_NUM
482,86,198,B-ID_NUM
483,86,235,B-NAME_STUDENT
484,86,240,B-ID_NUM
485,86,254,B-ID_NUM
486,86,302,B-ID_NUM
487,86,311,B-ID_NUM
488,86,319,B-NAME_STUDENT
489,86,326,B-NAME_STUDENT
490,86,329,B-NAME_STUDENT
491,86,334,B-NAME_STUDENT
492,86,344,B-ID_NUM
493,86,354,B-NAME_STUDENT
494,86,357,B-NAME_STUDENT
495,86,360,B-ID_NUM
496,86,367,B-NAME_STUDENT
497,86,370,B-NAME_STUDENT
498,86,396,B-NAME_STUDENT
499,86,400,B-ID_NUM
500,86,407,B-ID_NUM
501,86,421,B-ID_NUM
502,86,437,B-ID_NUM
503,93,0,B-NAME_STUDENT
504,93,1,I-NAME_STUDENT
505,93,6,B-NAME_STUDENT
506,93,24,B-ID_NUM
507,93,30,B-ID_NUM
508,93,46,B-ID_NUM
509,93,55,B-ID_NUM
510,93,66,B-NAME_STUDENT
511,93,69,B-NAME_STUDENT
512,93,72,B-ID_NUM
513,93,79,B-ID_NUM
514,93,98,B-ID_NUM
515,93,103,B-ID_NUM
516,93,119,B-NAME_STUDENT
517,93,122,B-ID_NUM
518,93,125,B-ID_NUM
519,93,138,B-ID_NUM
520,93,165,B-NAME_STUDENT
521,93,170,B-ID_NUM
522,93,186,B-ID_NUM
523,93,204,B-ID_NUM
524,93,218,B-ID_NUM
525,104,0,B-NAME_STUDENT
526,104,3,B-NAME_STUDENT
527,104,5,B-NAME_STUDENT
528,104,7,B-NAME_STUDENT
529,104,8,I-NAME_STUDENT
530,104,9,I-NAME_STUDENT
531,104,13,B-NAME_STUDENT
532,104,15,B-NAME_STUDENT
533,104,18,B-ID_NUM
534,104,26,B-NAME_STUDENT
535,104,52,B-ID_NUM
536,104,54,B-ID_NUM
537,104,55,I-ID_NUM
538,104,57,B-NAME_STUDENT
539,104,67,B-ID_NUM
540,104,74,B-ID_NUM
541,104,76,B-ID_NUM
542,104,109,B-NAME_STUDENT
543,104,110,B-ID_NUM
544,104,119,B-ID_NUM
545,104,124,B-NAME_STUDENT
546,104,131,B-ID_NUM
547,104,139,B-ID_NUM
548,104,182,B-ID_NUM
549,104,192,B-NAME_STUDENT
550,104,193,B-ID_NUM
551,104,197,B-NAME_STUDENT
552,104,207,B-ID_NUM
553,104,246,B-NAME_STUDENT
554,104,254,B-ID_NUM
555,104,265,B-ID_NUM
556,104,270,B-NAME_STUDENT
557,104,278,B-ID_NUM
558,104,292,B-NAME_STUDENT
559,104,312,B-NAME_STUDENT
560,104,318,B-ID_NUM
561,104,331,B-NAME_STUDENT
562,104,332,B-ID_NUM
563,104,339,B-ID_NUM
564,104,346,B-ID_NUM
565,104,351,B-NAME_STUDENT
566,104,369,B-NAME_STUDENT
567,104,406,B-NAME_STUDENT
568,104,409,B-ID_NUM
569,104,419,B-NAME_STUDENT
570,104,426,B-NAME_STUDENT
571,104,434,B-NAME_STUDENT
572,104,440,B-NAME_STUDENT
573,104,447,B-NAME_STUDENT
574,104,470,B-ID_NUM
575,104,479,B-ID_NUM
576,104,492,B-ID_NUM
577,104,498,B-ID_NUM
578,104,502,B-NAME_STUDENT
579,104,524,B-ID_NUM
580,104,526,B-ID_NUM
581,104,531,B-NAME_STUDENT
582,104,538,B-ID_NUM
583,104,542,B-ID_NUM
584,104,545,B-NAME_STUDENT
585,112,2,B-NAME_STUDENT
586,112,3,B-ID_NUM
587,112,5,B-NAME_STUDENT
588,112,6,I-NAME_STUDENT
589,112,10,B-NAME_STUDENT
590,112,11,B-ID_NUM
591,112,12,I-ID_NUM
592,112,17,B-ID_NUM
593,112,22,B-NAME_STUDENT
594,112,28,B-NAME_STUDENT
595,112,30,B-NAME_STUDENT
596,112,33,B-ID_NUM
597,112,34,B-NAME_STUDENT
598,112,37,B-ID_NUM
599,112,39,B-NAME_STUDENT
600,112,40,I-NAME_STUDENT
601,112,42,B-NAME_STUDENT
602,112,44,B-NAME_STUDENT
603,112,47,B-NAME_STUDENT
604,112,72,B-ID_NUM
605,112,79,B-ID_NUM
606,112,80,I-ID_NUM
607,112,81,I-ID_NUM
608,112,89,B-NAME_STUDENT
609,112,148,B-NAME_STUDENT
610,112,165,B-ID_NUM
611,112,177,B-ID_NUM
612,112,180,B-ID_NUM
613,112,199,B-NAME_STUDENT
614,112,241,B-ID_NUM
615,112,262,B-ID_NUM
616,112,277,B-ID_NUM
617,112,304,B-ID_NUM
618,112,315,B-ID_NUM
619,112,326,B-ID_NUM
620,112,337,B-ID_NUM
621,112,344,B-ID_NUM
622,112,350,B-ID_NUM
623,112,352,B-ID_NUM
624,112,361,B-ID_NUM
625,112,365,B-ID_NUM
626,112,382,B-ID_NUM
627,112,385,B-ID_NUM
628,112,393,B-NAME_STUDENT
629,112,398,B-NAME_STUDENT
630,112,416,B-NAME_STUDENT
631,112,428,B-ID_NUM
632,112,434,B-NAME_STUDENT
633,112,445,B-ID_NUM
634,112,474,B-ID_NUM
635,112,489,B-NAME_STUDENT
636,123,0,B-NAME_STUDENT
637,123,1,I-NAME_STUDENT
638,123,3,B-NAME_STUDENT
639,123,10,B-NAME_STUDENT
640,123,13,B-NAME_STUDENT
641,123,14,B-ID_NUM
642,123,17,B-NAME_STUDENT
643,123,21,B-NAME_STUDENT
644,123,24,B-NAME_STUDENT
645,123,32,B-NAME_STUDENT
646,123,33,I-NAME_STUDENT
647,123,35,B-ID_NUM
648,123,36,I-ID_NUM
649,123,38,B-NAME_STUDENT
650,123,40,B-NAME_STUDENT
651,123,52,B-ID_NUM
652,123,58,B-ID_NUM
653,123,65,B-NAME_STUDENT
654,123,66,I-NAME_STUDENT
655,123,90,B-NAME_STUDENT
656,123,96,B-ID_NUM
657,123,99,B-NAME_STUDENT
658,123,100,I-NAME_STUDENT
659,123,102,B-NAME_STUDENT
660,123,106,B-ID_NUM
661,123,143,B-ID_NUM
662,123,167,B-ID_NUM
663,123,183,B-ID_NUM
664,123,207,B-ID_NUM
665,123,215,B-NAME_STUDENT
666,123,223,B-NAME_STUDENT
667,123,224,I-NAME_STUDENT
668,123,233,B-NAME_STUDENT
669,123,234,I-NAME_STUDENT
670,123,259,B-ID_NUM
671,123,274,B-ID_NUM
672,123,277,B-NAME_STUDENT
673,123,291,B-ID_NUM
674,123,303,B-ID_NUM
675,123,333,B-ID_NUM
676,123,356,B-ID_NUM
677,123,359,B-ID_NUM
678,123,361,B-ID_NUM
679,123,363,B-ID_NUM
680,123,374,B-ID_NUM
681,123,385,B-ID_NUM
682,123,409,B-NAME_STUDENT
683,123,420,B-ID_NUM
684,123,432,B-NAME_STUDENT
685,123,444,B-ID_NUM
686,123,448,B-ID_NUM
687,123,451,B-ID_NUM
688,123,463,B-NAME_STUDENT
689,123,469,B-ID_NUM
690,123,490,B-NAME_STUDENT
691,123,491,I-NAME_STUDENT
692,123,494,B-ID_NUM
693,123,505,B-ID_NUM
694,123,528,B-ID_NUM
695,123,533,B-ID_NUM
696,123,536,B-ID_NUM
697,123,538,B-ID_NUM
698,123,541,B-NAME_STUDENT
699,123,543,B-NAME_STUDENT
700,123,564,B-NAME_STUDENT
701,123,566,B-ID_NUM
702,123,570,B-ID_NUM
703,123,576,B-NAME_STUDENT
704,123,583,B-NAME_STUDENT
705,123,586,B-ID_NUM
706,123,591,B-NAME_STUDENT
707,123,592,B-ID_NUM
708,123,595,B-ID_NUM
709,123,639,B-NAME_STUDENT
710,123,640,B-ID_NUM
711,123,651,B-NAME_STUDENT
712,123,658,B-USERNAME
713,123,660,B-USERNAME
714,123,664,B-USERNAME
715,123,669,B-NAME_STUDENT
716,123,670,B-ID_NUM
717,123,677,B-NAME_STUDENT
718,123,687,B-ID_NUM
719,123,700,B-NAME_STUDENT
720,123,702,B-NAME_STUDENT
721,123,706,B-ID_NUM
722,123,723,B-ID_NUM
723,123,725,B-ID_NUM
724,123,730,B-ID_NUM
725,123,735,B-ID_NUM
726,123,744,B-ID_NUM
727,123,748,B-ID_NUM
728,123,753,B-ID_NUM
729,123,757,B-NAME_STUDENT
730,123,760,B-NAME_STUDENT
731,123,766,B-NAME_STUDENT
732,123,776,B-USERNAME
733,123,778,B-USERNAME
734,123,782,B-USERNAME
735,123,784,B-USERNAME
736,123,788,B-USERNAME
737,123,792,B-USERNAME
738,123,794,B-NAME_STUDENT
739,123,800,B-USERNAME
740,123,804,B-USERNAME
741,123,810,B-ID_NUM
742,123,812,B-ID_NUM
743,123,832,B-ID_NUM
744,123,841,B-NAME_STUDENT
745,123,861,B-NAME_STUDENT
746,123,875,B-NAME_STUDENT
747,123,888,B-ID_NUM
748,123,895,B-NAME_STUDENT
749,123,898,B-ID_NUM
750,123,908,B-ID_NUM
751,123,917,B-ID_NUM
752,123,930,B-ID_NUM
753,123,939,B-ID_NUM
754,123,955,B-NAME_STUDENT
755,123,959,B-NAME_STUDENT
756,123,964,B-ID_NUM
757,123,969,B-ID_NUM
758,123,996,B-ID_NUM
759,123,1000,B-ID_NUM
760,123,1004,B-ID_NUM
761,123,1006,B-ID_NUM
762,123,1033,B-NAME_STUDENT
763,123,1045,B-ID_NUM
764,123,1046,B-NAME_STUDENT
765,123,1049,B-ID_NUM
766,123,1103,B-NAME_STUDENT
767,123,1113,B-ID_NUM
768,123,1119,B-ID_NUM
769,123,1130,B-ID_NUM
770,123,1147,B-ID_NUM
771,123,1163,B-ID_NUM
772,123,1165,B-ID_NUM
773,123,1168,B-ID_NUM
774,123,1186,B-ID_NUM
775,123,1190,B-ID_NUM
776,123,1203,B-ID_NUM
777,123,1204,I-ID_NUM
778,123,1205,I-ID_NUM
779,123,1226,B-ID_NUM
780,123,1237,B-NAME_STUDENT
781,123,1256,B-ID_NUM
782,123,1262,B-ID_NUM
783,123,1268,B-ID_NUM
784,123,1275,B-ID_NUM
785,123,1283,B-NAME_STUDENT
786,123,1293,B-NAME_STUDENT
787,123,1296,B-ID_NUM
788,123,1329,B-ID_NUM
789,123,1336,B-ID_NUM
790,123,1338,B-ID_NUM
791,123,1344,B-NAME_STUDENT
792,123,1345,I-NAME_STUDENT
793,123,1347,B-NAME_STUDENT
794,123,1348,I-NAME_STUDENT
795,123,1363,B-ID_NUM
796,123,1383,B-NAME_STUDENT
797,123,1386,B-ID_NUM
798,123,1397,B-ID_NUM
799,123,1404,B-ID_NUM
800,123,1411,B-ID_NUM
801,123,1416,B-ID_NUM
802,123,1423,B-ID_NUM
803,123,1436,B-ID_NUM
804,123,1438,B-ID_NUM
805,123,1451,B-ID_NUM
806,123,1471,B-ID_NUM
807,123,1473,B-ID_NUM
808,123,1494,B-ID_NUM
809,123,1499,B-ID_NUM
810,123,1500,B-NAME_STUDENT
811,123,1509,B-URL_PERSONAL
812,123,1528,B-ID_NUM
813,123,1530,B-NAME_STUDENT
814,123,1531,I-NAME_STUDENT
815,123,1532,I-NAME_STUDENT
816,123,1533,I-NAME_STUDENT
817,123,1535,B-NAME_STUDENT
818,123,1536,I-NAME_STUDENT
819,123,1542,B-NAME_STUDENT
820,123,1546,B-NAME_STUDENT
821,123,1554,B-ID_NUM
822,123,1556,B-NAME_STUDENT
823,123,1562,B-NAME_STUDENT
824,123,1569,B-NAME_STUDENT
825,123,1575,B-URL_PERSONAL
826,123,1579,B-ID_NUM
827,123,1581,B-NAME_STUDENT
828,123,1600,B-NAME_STUDENT
829,123,1602,B-NAME_STUDENT
830,123,1603,I-NAME_STUDENT
831,123,1604,I-NAME_STUDENT
832,123,1606,B-NAME_STUDENT
833,123,1613,B-NAME_STUDENT
834,123,1615,B-NAME_STUDENT
835,123,1617,B-ID_NUM
836,123,1619,B-NAME_STUDENT
837,123,1621,B-NAME_STUDENT
838,123,1623,B-NAME_STUDENT
839,123,1624,I-NAME_STUDENT
840,123,1630,B-NAME_STUDENT
841,123,1632,B-NAME_STUDENT
842,123,1634,B-NAME_STUDENT
843,123,1635,I-NAME_STUDENT
844,123,1637,B-NAME_STUDENT
845,123,1639,B-NAME_STUDENT
846,123,1641,B-NAME_STUDENT
847,123,1642,I-NAME_STUDENT
848,123,1644,B-NAME_STUDENT
849,123,1648,B-URL_PERSONAL
850,123,1651,B-NAME_STUDENT
851,123,1653,B-NAME_STUDENT
852,123,1654,I-NAME_STUDENT
853,123,1656,B-NAME_STUDENT
854,123,1657,I-NAME_STUDENT
855,123,1658,I-NAME_STUDENT
856,123,1675,B-NAME_STUDENT
857,123,1687,B-NAME_STUDENT
858,123,1690,B-URL_PERSONAL